--
-- PostgreSQL database dump
--

-- Dumped from database version 16.4 (Debian 16.4-1.pgdg120+1)
-- Dumped by pg_dump version 16.4 (Debian 16.4-1.pgdg120+1)

SET statement_timeout = 0;
SET lock_timeout = 0;
SET idle_in_transaction_session_timeout = 0;
SET client_encoding = 'UTF8';
SET standard_conforming_strings = on;
SELECT pg_catalog.set_config('search_path', '', false);
SET check_function_bodies = false;
SET xmloption = content;
SET client_min_messages = warning;
SET row_security = off;

SET default_tablespace = '';

SET default_table_access_method = heap;

--
-- Name: api_bet; Type: TABLE; Schema: public; Owner: sportpronoadmin
--

CREATE TABLE public.api_bet (
    id bigint NOT NULL,
    score1 integer,
    score2 integer,
    points integer,
    event_id bigint NOT NULL,
    user_id integer NOT NULL,
    team1_bonus boolean NOT NULL,
    team2_bonus boolean NOT NULL
);


ALTER TABLE public.api_bet OWNER TO sportpronoadmin;

--
-- Name: api_bet_id_seq; Type: SEQUENCE; Schema: public; Owner: sportpronoadmin
--

ALTER TABLE public.api_bet ALTER COLUMN id ADD GENERATED BY DEFAULT AS IDENTITY (
    SEQUENCE NAME public.api_bet_id_seq
    START WITH 1
    INCREMENT BY 1
    NO MINVALUE
    NO MAXVALUE
    CACHE 1
);


--
-- Name: api_event; Type: TABLE; Schema: public; Owner: sportpronoadmin
--

CREATE TABLE public.api_event (
    id bigint NOT NULL,
    team1 character varying(32) NOT NULL,
    team2 character varying(32) NOT NULL,
    "time" timestamp with time zone NOT NULL,
    score1 integer,
    score2 integer,
    group_id bigint NOT NULL,
    team1_bonus boolean NOT NULL,
    team2_bonus boolean NOT NULL
);


ALTER TABLE public.api_event OWNER TO sportpronoadmin;

--
-- Name: api_event_id_seq; Type: SEQUENCE; Schema: public; Owner: sportpronoadmin
--

ALTER TABLE public.api_event ALTER COLUMN id ADD GENERATED BY DEFAULT AS IDENTITY (
    SEQUENCE NAME public.api_event_id_seq
    START WITH 1
    INCREMENT BY 1
    NO MINVALUE
    NO MAXVALUE
    CACHE 1
);


--
-- Name: api_group; Type: TABLE; Schema: public; Owner: sportpronoadmin
--

CREATE TABLE public.api_group (
    id bigint NOT NULL,
    name character varying(32) NOT NULL,
    location character varying(32) NOT NULL,
    description character varying(256) NOT NULL
);


ALTER TABLE public.api_group OWNER TO sportpronoadmin;

--
-- Name: api_group_id_seq; Type: SEQUENCE; Schema: public; Owner: sportpronoadmin
--

ALTER TABLE public.api_group ALTER COLUMN id ADD GENERATED BY DEFAULT AS IDENTITY (
    SEQUENCE NAME public.api_group_id_seq
    START WITH 1
    INCREMENT BY 1
    NO MINVALUE
    NO MAXVALUE
    CACHE 1
);


--
-- Name: api_member; Type: TABLE; Schema: public; Owner: sportpronoadmin
--

CREATE TABLE public.api_member (
    id bigint NOT NULL,
    admin boolean NOT NULL,
    group_id bigint NOT NULL,
    user_id integer NOT NULL
);


ALTER TABLE public.api_member OWNER TO sportpronoadmin;

--
-- Name: api_member_id_seq; Type: SEQUENCE; Schema: public; Owner: sportpronoadmin
--

ALTER TABLE public.api_member ALTER COLUMN id ADD GENERATED BY DEFAULT AS IDENTITY (
    SEQUENCE NAME public.api_member_id_seq
    START WITH 1
    INCREMENT BY 1
    NO MINVALUE
    NO MAXVALUE
    CACHE 1
);


--
-- Name: api_userprofile; Type: TABLE; Schema: public; Owner: sportpronoadmin
--

CREATE TABLE public.api_userprofile (
    id bigint NOT NULL,
    image character varying(100) NOT NULL,
    user_id integer NOT NULL,
    bio character varying(256),
    is_premium boolean NOT NULL
);


ALTER TABLE public.api_userprofile OWNER TO sportpronoadmin;

--
-- Name: api_userprofile_id_seq; Type: SEQUENCE; Schema: public; Owner: sportpronoadmin
--

ALTER TABLE public.api_userprofile ALTER COLUMN id ADD GENERATED BY DEFAULT AS IDENTITY (
    SEQUENCE NAME public.api_userprofile_id_seq
    START WITH 1
    INCREMENT BY 1
    NO MINVALUE
    NO MAXVALUE
    CACHE 1
);


--
-- Name: auth_group; Type: TABLE; Schema: public; Owner: sportpronoadmin
--

CREATE TABLE public.auth_group (
    id integer NOT NULL,
    name character varying(150) NOT NULL
);


ALTER TABLE public.auth_group OWNER TO sportpronoadmin;

--
-- Name: auth_group_id_seq; Type: SEQUENCE; Schema: public; Owner: sportpronoadmin
--

ALTER TABLE public.auth_group ALTER COLUMN id ADD GENERATED BY DEFAULT AS IDENTITY (
    SEQUENCE NAME public.auth_group_id_seq
    START WITH 1
    INCREMENT BY 1
    NO MINVALUE
    NO MAXVALUE
    CACHE 1
);


--
-- Name: auth_group_permissions; Type: TABLE; Schema: public; Owner: sportpronoadmin
--

CREATE TABLE public.auth_group_permissions (
    id bigint NOT NULL,
    group_id integer NOT NULL,
    permission_id integer NOT NULL
);


ALTER TABLE public.auth_group_permissions OWNER TO sportpronoadmin;

--
-- Name: auth_group_permissions_id_seq; Type: SEQUENCE; Schema: public; Owner: sportpronoadmin
--

ALTER TABLE public.auth_group_permissions ALTER COLUMN id ADD GENERATED BY DEFAULT AS IDENTITY (
    SEQUENCE NAME public.auth_group_permissions_id_seq
    START WITH 1
    INCREMENT BY 1
    NO MINVALUE
    NO MAXVALUE
    CACHE 1
);


--
-- Name: auth_permission; Type: TABLE; Schema: public; Owner: sportpronoadmin
--

CREATE TABLE public.auth_permission (
    id integer NOT NULL,
    name character varying(255) NOT NULL,
    content_type_id integer NOT NULL,
    codename character varying(100) NOT NULL
);


ALTER TABLE public.auth_permission OWNER TO sportpronoadmin;

--
-- Name: auth_permission_id_seq; Type: SEQUENCE; Schema: public; Owner: sportpronoadmin
--

ALTER TABLE public.auth_permission ALTER COLUMN id ADD GENERATED BY DEFAULT AS IDENTITY (
    SEQUENCE NAME public.auth_permission_id_seq
    START WITH 1
    INCREMENT BY 1
    NO MINVALUE
    NO MAXVALUE
    CACHE 1
);


--
-- Name: auth_user; Type: TABLE; Schema: public; Owner: sportpronoadmin
--

CREATE TABLE public.auth_user (
    id integer NOT NULL,
    password character varying(128) NOT NULL,
    last_login timestamp with time zone,
    is_superuser boolean NOT NULL,
    username character varying(150) NOT NULL,
    first_name character varying(150) NOT NULL,
    last_name character varying(150) NOT NULL,
    email character varying(254) NOT NULL,
    is_staff boolean NOT NULL,
    is_active boolean NOT NULL,
    date_joined timestamp with time zone NOT NULL
);


ALTER TABLE public.auth_user OWNER TO sportpronoadmin;

--
-- Name: auth_user_groups; Type: TABLE; Schema: public; Owner: sportpronoadmin
--

CREATE TABLE public.auth_user_groups (
    id bigint NOT NULL,
    user_id integer NOT NULL,
    group_id integer NOT NULL
);


ALTER TABLE public.auth_user_groups OWNER TO sportpronoadmin;

--
-- Name: auth_user_groups_id_seq; Type: SEQUENCE; Schema: public; Owner: sportpronoadmin
--

ALTER TABLE public.auth_user_groups ALTER COLUMN id ADD GENERATED BY DEFAULT AS IDENTITY (
    SEQUENCE NAME public.auth_user_groups_id_seq
    START WITH 1
    INCREMENT BY 1
    NO MINVALUE
    NO MAXVALUE
    CACHE 1
);


--
-- Name: auth_user_id_seq; Type: SEQUENCE; Schema: public; Owner: sportpronoadmin
--

ALTER TABLE public.auth_user ALTER COLUMN id ADD GENERATED BY DEFAULT AS IDENTITY (
    SEQUENCE NAME public.auth_user_id_seq
    START WITH 1
    INCREMENT BY 1
    NO MINVALUE
    NO MAXVALUE
    CACHE 1
);


--
-- Name: auth_user_user_permissions; Type: TABLE; Schema: public; Owner: sportpronoadmin
--

CREATE TABLE public.auth_user_user_permissions (
    id bigint NOT NULL,
    user_id integer NOT NULL,
    permission_id integer NOT NULL
);


ALTER TABLE public.auth_user_user_permissions OWNER TO sportpronoadmin;

--
-- Name: auth_user_user_permissions_id_seq; Type: SEQUENCE; Schema: public; Owner: sportpronoadmin
--

ALTER TABLE public.auth_user_user_permissions ALTER COLUMN id ADD GENERATED BY DEFAULT AS IDENTITY (
    SEQUENCE NAME public.auth_user_user_permissions_id_seq
    START WITH 1
    INCREMENT BY 1
    NO MINVALUE
    NO MAXVALUE
    CACHE 1
);


--
-- Name: authtoken_token; Type: TABLE; Schema: public; Owner: sportpronoadmin
--

CREATE TABLE public.authtoken_token (
    key character varying(40) NOT NULL,
    created timestamp with time zone NOT NULL,
    user_id integer NOT NULL
);


ALTER TABLE public.authtoken_token OWNER TO sportpronoadmin;

--
-- Name: django_admin_log; Type: TABLE; Schema: public; Owner: sportpronoadmin
--

CREATE TABLE public.django_admin_log (
    id integer NOT NULL,
    action_time timestamp with time zone NOT NULL,
    object_id text,
    object_repr character varying(200) NOT NULL,
    action_flag smallint NOT NULL,
    change_message text NOT NULL,
    content_type_id integer,
    user_id integer NOT NULL,
    CONSTRAINT django_admin_log_action_flag_check CHECK ((action_flag >= 0))
);


ALTER TABLE public.django_admin_log OWNER TO sportpronoadmin;

--
-- Name: django_admin_log_id_seq; Type: SEQUENCE; Schema: public; Owner: sportpronoadmin
--

ALTER TABLE public.django_admin_log ALTER COLUMN id ADD GENERATED BY DEFAULT AS IDENTITY (
    SEQUENCE NAME public.django_admin_log_id_seq
    START WITH 1
    INCREMENT BY 1
    NO MINVALUE
    NO MAXVALUE
    CACHE 1
);


--
-- Name: django_content_type; Type: TABLE; Schema: public; Owner: sportpronoadmin
--

CREATE TABLE public.django_content_type (
    id integer NOT NULL,
    app_label character varying(100) NOT NULL,
    model character varying(100) NOT NULL
);


ALTER TABLE public.django_content_type OWNER TO sportpronoadmin;

--
-- Name: django_content_type_id_seq; Type: SEQUENCE; Schema: public; Owner: sportpronoadmin
--

ALTER TABLE public.django_content_type ALTER COLUMN id ADD GENERATED BY DEFAULT AS IDENTITY (
    SEQUENCE NAME public.django_content_type_id_seq
    START WITH 1
    INCREMENT BY 1
    NO MINVALUE
    NO MAXVALUE
    CACHE 1
);


--
-- Name: django_migrations; Type: TABLE; Schema: public; Owner: sportpronoadmin
--

CREATE TABLE public.django_migrations (
    id bigint NOT NULL,
    app character varying(255) NOT NULL,
    name character varying(255) NOT NULL,
    applied timestamp with time zone NOT NULL
);


ALTER TABLE public.django_migrations OWNER TO sportpronoadmin;

--
-- Name: django_migrations_id_seq; Type: SEQUENCE; Schema: public; Owner: sportpronoadmin
--

ALTER TABLE public.django_migrations ALTER COLUMN id ADD GENERATED BY DEFAULT AS IDENTITY (
    SEQUENCE NAME public.django_migrations_id_seq
    START WITH 1
    INCREMENT BY 1
    NO MINVALUE
    NO MAXVALUE
    CACHE 1
);


--
-- Name: django_session; Type: TABLE; Schema: public; Owner: sportpronoadmin
--

CREATE TABLE public.django_session (
    session_key character varying(40) NOT NULL,
    session_data text NOT NULL,
    expire_date timestamp with time zone NOT NULL
);


ALTER TABLE public.django_session OWNER TO sportpronoadmin;

--
-- Data for Name: api_bet; Type: TABLE DATA; Schema: public; Owner: sportpronoadmin
--

COPY public.api_bet (id, score1, score2, points, event_id, user_id, team1_bonus, team2_bonus) FROM stdin;
5	46	26	4	1	1	f	f
6	46	26	4	1	11	f	f
7	10	10	2	2	11	f	f
8	10	10	2	2	12	f	f
10	40	20	\N	18	11	f	f
11	5	5	\N	18	12	f	f
9	15	5	\N	18	1	f	f
\.


--
-- Data for Name: api_event; Type: TABLE DATA; Schema: public; Owner: sportpronoadmin
--

COPY public.api_event (id, team1, team2, "time", score1, score2, group_id, team1_bonus, team2_bonus) FROM stdin;
17	ubb	bayonne	2024-10-05 16:30:00+00	\N	\N	1	f	f
1	UBB	Stade Français	2024-09-07 21:05:00+00	46	26	1	f	f
2	Lyon	UBB	2024-09-14 21:05:00+00	10	10	1	f	f
18	Ubb	Perpignan	2024-10-12 16:30:00+00	\N	\N	1	f	f
\.


--
-- Data for Name: api_group; Type: TABLE DATA; Schema: public; Owner: sportpronoadmin
--

COPY public.api_group (id, name, location, description) FROM stdin;
1	First group	France	My first group
2	Second group	England	My second group
3	Third group	Spain	My third group
\.


--
-- Data for Name: api_member; Type: TABLE DATA; Schema: public; Owner: sportpronoadmin
--

COPY public.api_member (id, admin, group_id, user_id) FROM stdin;
4	t	1	1
5	f	1	12
6	f	1	11
7	f	1	13
8	f	1	14
\.


--
-- Data for Name: api_userprofile; Type: TABLE DATA; Schema: public; Owner: sportpronoadmin
--

COPY public.api_userprofile (id, image, user_id, bio, is_premium) FROM stdin;
1	avatars/1/ubb_x8hA4k5.png	1	\N	f
2	avatars/11/2643408-200.png	11	\N	f
3	avatars/12/images.png	12	\N	f
4		13	\N	f
5		14	\N	f
\.


--
-- Data for Name: auth_group; Type: TABLE DATA; Schema: public; Owner: sportpronoadmin
--

COPY public.auth_group (id, name) FROM stdin;
\.


--
-- Data for Name: auth_group_permissions; Type: TABLE DATA; Schema: public; Owner: sportpronoadmin
--

COPY public.auth_group_permissions (id, group_id, permission_id) FROM stdin;
\.


--
-- Data for Name: auth_permission; Type: TABLE DATA; Schema: public; Owner: sportpronoadmin
--

COPY public.auth_permission (id, name, content_type_id, codename) FROM stdin;
1	Can add log entry	1	add_logentry
2	Can change log entry	1	change_logentry
3	Can delete log entry	1	delete_logentry
4	Can view log entry	1	view_logentry
5	Can add permission	2	add_permission
6	Can change permission	2	change_permission
7	Can delete permission	2	delete_permission
8	Can view permission	2	view_permission
9	Can add group	3	add_group
10	Can change group	3	change_group
11	Can delete group	3	delete_group
12	Can view group	3	view_group
13	Can add user	4	add_user
14	Can change user	4	change_user
15	Can delete user	4	delete_user
16	Can view user	4	view_user
17	Can add content type	5	add_contenttype
18	Can change content type	5	change_contenttype
19	Can delete content type	5	delete_contenttype
20	Can view content type	5	view_contenttype
21	Can add session	6	add_session
22	Can change session	6	change_session
23	Can delete session	6	delete_session
24	Can view session	6	view_session
25	Can add group	7	add_group
26	Can change group	7	change_group
27	Can delete group	7	delete_group
28	Can view group	7	view_group
29	Can add event	8	add_event
30	Can change event	8	change_event
31	Can delete event	8	delete_event
32	Can view event	8	view_event
33	Can add Token	9	add_token
34	Can change Token	9	change_token
35	Can delete Token	9	delete_token
36	Can view Token	9	view_token
37	Can add Token	10	add_tokenproxy
38	Can change Token	10	change_tokenproxy
39	Can delete Token	10	delete_tokenproxy
40	Can view Token	10	view_tokenproxy
41	Can add user profile	11	add_userprofile
42	Can change user profile	11	change_userprofile
43	Can delete user profile	11	delete_userprofile
44	Can view user profile	11	view_userprofile
45	Can add member	12	add_member
46	Can change member	12	change_member
47	Can delete member	12	delete_member
48	Can view member	12	view_member
49	Can add bet	13	add_bet
50	Can change bet	13	change_bet
51	Can delete bet	13	delete_bet
52	Can view bet	13	view_bet
\.


--
-- Data for Name: auth_user; Type: TABLE DATA; Schema: public; Owner: sportpronoadmin
--

COPY public.auth_user (id, password, last_login, is_superuser, username, first_name, last_name, email, is_staff, is_active, date_joined) FROM stdin;
1	pbkdf2_sha256$870000$Q08mzvge5jNIkOdLsdwTLD$fmAesaLNu1UubKOISVESKWec/Z2eCd3ODGRJTuVZ05Q=	2024-09-26 12:32:16.19591+00	t	alexandre			alexandregonzalez33470@gmail.com	t	t	2024-09-12 09:22:27.257224+00
11	pbkdf2_sha256$870000$uqxjDhLcXKARlMPIZHWbf0$MT8APR08KJxG/fU8lRlutxk+cl1C8ESSMRbTc3W4Ufw=	\N	f	alexandre2			snameyh33470@gmail.com	f	t	2024-10-02 14:13:59.86834+00
12	pbkdf2_sha256$870000$zSa6wABHfy8lIpUU2iMXL9$cgWtKaADN3vpIj6tQ3P0mzktY+9vTHjLWItM0PRAGWM=	\N	f	alexandre3			test@test.com	f	t	2024-10-02 14:23:28.691909+00
13	pbkdf2_sha256$870000$ixYHeNug5de5aaebctWQSy$irFhOj/pcFBZ9bdZ/KzAvZil5hThE+hCidzLKEljiJ8=	\N	f	alexandre4			toto@toto.fr	f	t	2024-10-02 16:56:31.319778+00
14	pbkdf2_sha256$870000$nIzGSfF63mEUsIRAqwmY9u$mJQpPSZUAREQt6U2XHg6peIt/p5tBsZET575rPCzAYU=	\N	f	alexandre5			tutu@tutu.fr	f	t	2024-10-02 16:56:57.850288+00
\.


--
-- Data for Name: auth_user_groups; Type: TABLE DATA; Schema: public; Owner: sportpronoadmin
--

COPY public.auth_user_groups (id, user_id, group_id) FROM stdin;
\.


--
-- Data for Name: auth_user_user_permissions; Type: TABLE DATA; Schema: public; Owner: sportpronoadmin
--

COPY public.auth_user_user_permissions (id, user_id, permission_id) FROM stdin;
\.


--
-- Data for Name: authtoken_token; Type: TABLE DATA; Schema: public; Owner: sportpronoadmin
--

COPY public.authtoken_token (key, created, user_id) FROM stdin;
02c5d0c1336b7caa93bcfcbd3551ecf46284f9e2	2024-09-13 12:35:46.27688+00	1
956fd1b8e3325e3fe87669fc1b1e9db8102464cc	2024-10-02 14:14:00.38866+00	11
24dad1f92d46b905fdea645e1ad602896d3d51d2	2024-10-02 14:23:29.201987+00	12
e4b0f8f4b439de570238f42b138af8be3a55bcca	2024-10-02 16:56:31.848028+00	13
82023d2c57e80e274313256e646a78d433383722	2024-10-02 16:56:58.357729+00	14
\.


--
-- Data for Name: django_admin_log; Type: TABLE DATA; Schema: public; Owner: sportpronoadmin
--

COPY public.django_admin_log (id, action_time, object_id, object_repr, action_flag, change_message, content_type_id, user_id) FROM stdin;
1	2024-09-12 09:23:18.79369+00	1	Group object (1)	1	[{"added": {}}]	7	1
2	2024-09-12 09:23:32.786516+00	2	Group object (2)	1	[{"added": {}}]	7	1
3	2024-09-12 09:23:43.760376+00	3	Group object (3)	1	[{"added": {}}]	7	1
4	2024-09-12 13:29:08.810986+00	1	Event object (1)	1	[{"added": {}}]	8	1
5	2024-09-12 13:29:27.892689+00	2	Event object (2)	1	[{"added": {}}]	8	1
6	2024-09-13 12:35:46.298675+00	1	02c5d0c1336b7caa93bcfcbd3551ecf46284f9e2	1	[{"added": {}}]	10	1
7	2024-09-13 13:19:07.269557+00	1	UserProfile object (1)	1	[{"added": {}}]	11	1
8	2024-09-17 19:07:56.409924+00	2	snameyh	3		4	1
9	2024-09-17 19:11:05.970132+00	3	snameyh	3		4	1
10	2024-09-17 19:30:39.218307+00	4	snameyh	3		4	1
11	2024-09-25 12:30:17.433796+00	6	toto	3		4	1
12	2024-09-25 12:31:11.757045+00	7	toto	3		4	1
13	2024-09-25 12:35:29.622482+00	8	toto	3		4	1
14	2024-09-25 12:36:31.41449+00	9	toto	3		4	1
15	2024-09-25 14:01:21.042221+00	1	UserProfile object (1)	2	[{"changed": {"fields": ["Image"]}}]	11	1
16	2024-09-26 12:32:25.823272+00	1	Member object (1)	1	[{"added": {}}]	12	1
17	2024-09-27 07:49:54.873912+00	1	Bet object (1)	1	[{"added": {}}]	13	1
18	2024-09-27 08:17:31.288071+00	1	Event object (1)	2	[{"changed": {"fields": ["Score1"]}}]	8	1
19	2024-09-27 08:17:49.812539+00	1	Event object (1)	2	[{"changed": {"fields": ["Score1"]}}]	8	1
20	2024-09-28 14:51:40.215075+00	3	Member object (3)	2	[{"changed": {"fields": ["Admin"]}}]	12	1
21	2024-10-01 14:25:40.126331+00	14	Event object (14)	3		8	1
22	2024-10-01 14:30:15.120641+00	15	Event object (15)	3		8	1
23	2024-10-01 14:30:15.120686+00	13	Event object (13)	3		8	1
24	2024-10-01 14:49:38.952746+00	16	Event object (16)	3		8	1
25	2024-10-02 07:39:03.737909+00	2	Event object (2)	2	[{"changed": {"fields": ["Score1", "Score2"]}}]	8	1
26	2024-10-02 07:41:17.497939+00	2	Event object (2)	2	[{"changed": {"fields": ["Score1", "Score2"]}}]	8	1
27	2024-10-02 07:41:22.594172+00	17	Event object (17)	2	[{"changed": {"fields": ["Score1", "Score2"]}}]	8	1
28	2024-10-02 07:44:22.381379+00	2	Event object (2)	2	[{"changed": {"fields": ["Score1", "Score2"]}}]	8	1
29	2024-10-02 08:00:26.593762+00	2	Event object (2)	2	[{"changed": {"fields": ["Score1", "Score2"]}}]	8	1
30	2024-10-02 08:00:32.178232+00	17	Event object (17)	2	[{"changed": {"fields": ["Score1", "Score2"]}}]	8	1
31	2024-10-02 08:04:24.795197+00	4	Member object (4)	2	[{"changed": {"fields": ["Admin"]}}]	12	1
32	2024-10-02 08:05:40.215291+00	17	Event object (17)	2	[{"changed": {"fields": ["Score1", "Score2"]}}]	8	1
33	2024-10-02 08:06:48.918214+00	17	Event object (17)	2	[{"changed": {"fields": ["Score1", "Score2"]}}]	8	1
34	2024-10-02 08:07:27.438387+00	17	Event object (17)	2	[{"changed": {"fields": ["Score1", "Score2"]}}]	8	1
35	2024-10-02 09:16:53.891257+00	1	Event object (1)	2	[{"changed": {"fields": ["Score1", "Score2"]}}]	8	1
36	2024-10-02 09:17:02.131154+00	2	Event object (2)	2	[{"changed": {"fields": ["Score1", "Score2"]}}]	8	1
37	2024-10-02 09:17:12.414978+00	1	Bet object (1)	3		13	1
38	2024-10-02 09:25:19.289661+00	2	Bet object (2)	1	[{"added": {}}]	13	1
39	2024-10-02 09:25:35.190916+00	3	Bet object (3)	1	[{"added": {}}]	13	1
40	2024-10-02 09:27:17.900671+00	2	Bet object (2)	2	[{"changed": {"fields": ["Score1", "Score2", "Points"]}}]	13	1
41	2024-10-02 09:27:25.991072+00	1	Event object (1)	2	[{"changed": {"fields": ["Score1", "Score2"]}}]	8	1
42	2024-10-02 09:27:30.812551+00	2	Event object (2)	2	[{"changed": {"fields": ["Score1", "Score2"]}}]	8	1
43	2024-10-02 09:27:54.912887+00	3	Bet object (3)	2	[{"changed": {"fields": ["Score1", "Score2", "Points"]}}]	13	1
44	2024-10-02 09:29:16.693673+00	3	Bet object (3)	3		13	1
45	2024-10-02 09:29:16.693759+00	2	Bet object (2)	3		13	1
46	2024-10-02 13:55:18.051406+00	5	snameyh	3		4	1
47	2024-10-02 14:01:43.2358+00	10	alexandre2	3		4	1
48	2024-10-02 14:24:55.975232+00	1	Event object (1)	2	[{"changed": {"fields": ["Score1", "Score2"]}}]	8	1
49	2024-10-02 14:25:04.916742+00	2	Event object (2)	2	[{"changed": {"fields": ["Score1", "Score2"]}}]	8	1
50	2024-10-02 14:25:14.379501+00	4	Bet object (4)	3		13	1
51	2024-10-02 14:26:08.355183+00	5	Bet object (5)	1	[{"added": {}}]	13	1
52	2024-10-02 14:26:25.881945+00	6	Bet object (6)	1	[{"added": {}}]	13	1
53	2024-10-02 14:26:35.892095+00	7	Bet object (7)	1	[{"added": {}}]	13	1
54	2024-10-02 14:26:55.778168+00	8	Bet object (8)	1	[{"added": {}}]	13	1
\.


--
-- Data for Name: django_content_type; Type: TABLE DATA; Schema: public; Owner: sportpronoadmin
--

COPY public.django_content_type (id, app_label, model) FROM stdin;
1	admin	logentry
2	auth	permission
3	auth	group
4	auth	user
5	contenttypes	contenttype
6	sessions	session
7	api	group
8	api	event
9	authtoken	token
10	authtoken	tokenproxy
11	api	userprofile
12	api	member
13	api	bet
\.


--
-- Data for Name: django_migrations; Type: TABLE DATA; Schema: public; Owner: sportpronoadmin
--

COPY public.django_migrations (id, app, name, applied) FROM stdin;
1	contenttypes	0001_initial	2024-09-12 09:15:58.050781+00
2	auth	0001_initial	2024-09-12 09:15:58.380379+00
3	admin	0001_initial	2024-09-12 09:15:58.486173+00
4	admin	0002_logentry_remove_auto_add	2024-09-12 09:15:58.525944+00
5	admin	0003_logentry_add_action_flag_choices	2024-09-12 09:15:58.567892+00
6	api	0001_initial	2024-09-12 09:15:58.619665+00
7	contenttypes	0002_remove_content_type_name	2024-09-12 09:15:58.671576+00
8	auth	0002_alter_permission_name_max_length	2024-09-12 09:15:58.685038+00
9	auth	0003_alter_user_email_max_length	2024-09-12 09:15:58.700551+00
10	auth	0004_alter_user_username_opts	2024-09-12 09:15:58.718042+00
11	auth	0005_alter_user_last_login_null	2024-09-12 09:15:58.734094+00
12	auth	0006_require_contenttypes_0002	2024-09-12 09:15:58.745316+00
13	auth	0007_alter_validators_add_error_messages	2024-09-12 09:15:58.759433+00
14	auth	0008_alter_user_username_max_length	2024-09-12 09:15:58.787633+00
15	auth	0009_alter_user_last_name_max_length	2024-09-12 09:15:58.815233+00
16	auth	0010_alter_group_name_max_length	2024-09-12 09:15:58.833834+00
17	auth	0011_update_proxy_permissions	2024-09-12 09:15:58.84883+00
18	auth	0012_alter_user_first_name_max_length	2024-09-12 09:15:58.866271+00
19	sessions	0001_initial	2024-09-12 09:15:58.930775+00
20	api	0002_event	2024-09-12 13:23:59.290188+00
21	api	0003_alter_event_time	2024-09-12 13:28:25.746571+00
22	authtoken	0001_initial	2024-09-13 12:35:01.451099+00
23	authtoken	0002_auto_20160226_1747	2024-09-13 12:35:01.537248+00
24	authtoken	0003_tokenproxy	2024-09-13 12:35:01.554913+00
25	authtoken	0004_alter_tokenproxy_options	2024-09-13 12:35:01.565711+00
26	api	0004_userprofile	2024-09-13 13:09:43.504906+00
27	api	0005_userprofile_bio_userprofile_is_premium	2024-09-17 19:03:29.248811+00
28	api	0006_member	2024-09-26 12:25:45.114079+00
29	api	0007_bet	2024-09-27 07:43:58.609941+00
30	api	0008_alter_event_unique_together	2024-10-02 07:38:05.449824+00
31	api	0009_bet_team1_bonus_bet_team2_bonus_event_team1_bonus_and_more	2024-10-02 09:11:08.251759+00
\.


--
-- Data for Name: django_session; Type: TABLE DATA; Schema: public; Owner: sportpronoadmin
--

COPY public.django_session (session_key, session_data, expire_date) FROM stdin;
uni0b1pbxv0yc7qyinvxr2e4xsnfcvyq	.eJxVjDsOwyAQBe9CHSEv5psyvc-AWBaCkwgkY1dR7h5bcpG0b2bem_mwrcVvPS1-JnZlwC6_G4b4TPUA9Aj13nhsdV1m5IfCT9r51Ci9bqf7d1BCL3ut3WBxHC2MAkBEbZTEHEMW2WaJZClrmRxikkMkQy7sKIFxSispFAD7fAHc2zfY:1stnfM:JvKU4vCCrgEeBUOSbuWYHsnUQj8-zXGHRWhtdE7GlAc	2024-10-10 12:32:16.205357+00
\.


--
-- Name: api_bet_id_seq; Type: SEQUENCE SET; Schema: public; Owner: sportpronoadmin
--

SELECT pg_catalog.setval('public.api_bet_id_seq', 11, true);


--
-- Name: api_event_id_seq; Type: SEQUENCE SET; Schema: public; Owner: sportpronoadmin
--

SELECT pg_catalog.setval('public.api_event_id_seq', 18, true);


--
-- Name: api_group_id_seq; Type: SEQUENCE SET; Schema: public; Owner: sportpronoadmin
--

SELECT pg_catalog.setval('public.api_group_id_seq', 3, true);


--
-- Name: api_member_id_seq; Type: SEQUENCE SET; Schema: public; Owner: sportpronoadmin
--

SELECT pg_catalog.setval('public.api_member_id_seq', 8, true);


--
-- Name: api_userprofile_id_seq; Type: SEQUENCE SET; Schema: public; Owner: sportpronoadmin
--

SELECT pg_catalog.setval('public.api_userprofile_id_seq', 5, true);


--
-- Name: auth_group_id_seq; Type: SEQUENCE SET; Schema: public; Owner: sportpronoadmin
--

SELECT pg_catalog.setval('public.auth_group_id_seq', 1, false);


--
-- Name: auth_group_permissions_id_seq; Type: SEQUENCE SET; Schema: public; Owner: sportpronoadmin
--

SELECT pg_catalog.setval('public.auth_group_permissions_id_seq', 1, false);


--
-- Name: auth_permission_id_seq; Type: SEQUENCE SET; Schema: public; Owner: sportpronoadmin
--

SELECT pg_catalog.setval('public.auth_permission_id_seq', 52, true);


--
-- Name: auth_user_groups_id_seq; Type: SEQUENCE SET; Schema: public; Owner: sportpronoadmin
--

SELECT pg_catalog.setval('public.auth_user_groups_id_seq', 1, false);


--
-- Name: auth_user_id_seq; Type: SEQUENCE SET; Schema: public; Owner: sportpronoadmin
--

SELECT pg_catalog.setval('public.auth_user_id_seq', 14, true);


--
-- Name: auth_user_user_permissions_id_seq; Type: SEQUENCE SET; Schema: public; Owner: sportpronoadmin
--

SELECT pg_catalog.setval('public.auth_user_user_permissions_id_seq', 1, false);


--
-- Name: django_admin_log_id_seq; Type: SEQUENCE SET; Schema: public; Owner: sportpronoadmin
--

SELECT pg_catalog.setval('public.django_admin_log_id_seq', 54, true);


--
-- Name: django_content_type_id_seq; Type: SEQUENCE SET; Schema: public; Owner: sportpronoadmin
--

SELECT pg_catalog.setval('public.django_content_type_id_seq', 13, true);


--
-- Name: django_migrations_id_seq; Type: SEQUENCE SET; Schema: public; Owner: sportpronoadmin
--

SELECT pg_catalog.setval('public.django_migrations_id_seq', 31, true);


--
-- Name: api_bet api_bet_pkey; Type: CONSTRAINT; Schema: public; Owner: sportpronoadmin
--

ALTER TABLE ONLY public.api_bet
    ADD CONSTRAINT api_bet_pkey PRIMARY KEY (id);


--
-- Name: api_bet api_bet_user_id_event_id_e0adfb94_uniq; Type: CONSTRAINT; Schema: public; Owner: sportpronoadmin
--

ALTER TABLE ONLY public.api_bet
    ADD CONSTRAINT api_bet_user_id_event_id_e0adfb94_uniq UNIQUE (user_id, event_id);


--
-- Name: api_event api_event_pkey; Type: CONSTRAINT; Schema: public; Owner: sportpronoadmin
--

ALTER TABLE ONLY public.api_event
    ADD CONSTRAINT api_event_pkey PRIMARY KEY (id);


--
-- Name: api_event api_event_team1_team2_time_group_id_ba412cb3_uniq; Type: CONSTRAINT; Schema: public; Owner: sportpronoadmin
--

ALTER TABLE ONLY public.api_event
    ADD CONSTRAINT api_event_team1_team2_time_group_id_ba412cb3_uniq UNIQUE (team1, team2, "time", group_id);


--
-- Name: api_group api_group_name_location_3182adff_uniq; Type: CONSTRAINT; Schema: public; Owner: sportpronoadmin
--

ALTER TABLE ONLY public.api_group
    ADD CONSTRAINT api_group_name_location_3182adff_uniq UNIQUE (name, location);


--
-- Name: api_group api_group_pkey; Type: CONSTRAINT; Schema: public; Owner: sportpronoadmin
--

ALTER TABLE ONLY public.api_group
    ADD CONSTRAINT api_group_pkey PRIMARY KEY (id);


--
-- Name: api_member api_member_pkey; Type: CONSTRAINT; Schema: public; Owner: sportpronoadmin
--

ALTER TABLE ONLY public.api_member
    ADD CONSTRAINT api_member_pkey PRIMARY KEY (id);


--
-- Name: api_member api_member_user_id_group_id_dc8e1ef8_uniq; Type: CONSTRAINT; Schema: public; Owner: sportpronoadmin
--

ALTER TABLE ONLY public.api_member
    ADD CONSTRAINT api_member_user_id_group_id_dc8e1ef8_uniq UNIQUE (user_id, group_id);


--
-- Name: api_userprofile api_userprofile_pkey; Type: CONSTRAINT; Schema: public; Owner: sportpronoadmin
--

ALTER TABLE ONLY public.api_userprofile
    ADD CONSTRAINT api_userprofile_pkey PRIMARY KEY (id);


--
-- Name: api_userprofile api_userprofile_user_id_key; Type: CONSTRAINT; Schema: public; Owner: sportpronoadmin
--

ALTER TABLE ONLY public.api_userprofile
    ADD CONSTRAINT api_userprofile_user_id_key UNIQUE (user_id);


--
-- Name: auth_group auth_group_name_key; Type: CONSTRAINT; Schema: public; Owner: sportpronoadmin
--

ALTER TABLE ONLY public.auth_group
    ADD CONSTRAINT auth_group_name_key UNIQUE (name);


--
-- Name: auth_group_permissions auth_group_permissions_group_id_permission_id_0cd325b0_uniq; Type: CONSTRAINT; Schema: public; Owner: sportpronoadmin
--

ALTER TABLE ONLY public.auth_group_permissions
    ADD CONSTRAINT auth_group_permissions_group_id_permission_id_0cd325b0_uniq UNIQUE (group_id, permission_id);


--
-- Name: auth_group_permissions auth_group_permissions_pkey; Type: CONSTRAINT; Schema: public; Owner: sportpronoadmin
--

ALTER TABLE ONLY public.auth_group_permissions
    ADD CONSTRAINT auth_group_permissions_pkey PRIMARY KEY (id);


--
-- Name: auth_group auth_group_pkey; Type: CONSTRAINT; Schema: public; Owner: sportpronoadmin
--

ALTER TABLE ONLY public.auth_group
    ADD CONSTRAINT auth_group_pkey PRIMARY KEY (id);


--
-- Name: auth_permission auth_permission_content_type_id_codename_01ab375a_uniq; Type: CONSTRAINT; Schema: public; Owner: sportpronoadmin
--

ALTER TABLE ONLY public.auth_permission
    ADD CONSTRAINT auth_permission_content_type_id_codename_01ab375a_uniq UNIQUE (content_type_id, codename);


--
-- Name: auth_permission auth_permission_pkey; Type: CONSTRAINT; Schema: public; Owner: sportpronoadmin
--

ALTER TABLE ONLY public.auth_permission
    ADD CONSTRAINT auth_permission_pkey PRIMARY KEY (id);


--
-- Name: auth_user_groups auth_user_groups_pkey; Type: CONSTRAINT; Schema: public; Owner: sportpronoadmin
--

ALTER TABLE ONLY public.auth_user_groups
    ADD CONSTRAINT auth_user_groups_pkey PRIMARY KEY (id);


--
-- Name: auth_user_groups auth_user_groups_user_id_group_id_94350c0c_uniq; Type: CONSTRAINT; Schema: public; Owner: sportpronoadmin
--

ALTER TABLE ONLY public.auth_user_groups
    ADD CONSTRAINT auth_user_groups_user_id_group_id_94350c0c_uniq UNIQUE (user_id, group_id);


--
-- Name: auth_user auth_user_pkey; Type: CONSTRAINT; Schema: public; Owner: sportpronoadmin
--

ALTER TABLE ONLY public.auth_user
    ADD CONSTRAINT auth_user_pkey PRIMARY KEY (id);


--
-- Name: auth_user_user_permissions auth_user_user_permissions_pkey; Type: CONSTRAINT; Schema: public; Owner: sportpronoadmin
--

ALTER TABLE ONLY public.auth_user_user_permissions
    ADD CONSTRAINT auth_user_user_permissions_pkey PRIMARY KEY (id);


--
-- Name: auth_user_user_permissions auth_user_user_permissions_user_id_permission_id_14a6b632_uniq; Type: CONSTRAINT; Schema: public; Owner: sportpronoadmin
--

ALTER TABLE ONLY public.auth_user_user_permissions
    ADD CONSTRAINT auth_user_user_permissions_user_id_permission_id_14a6b632_uniq UNIQUE (user_id, permission_id);


--
-- Name: auth_user auth_user_username_key; Type: CONSTRAINT; Schema: public; Owner: sportpronoadmin
--

ALTER TABLE ONLY public.auth_user
    ADD CONSTRAINT auth_user_username_key UNIQUE (username);


--
-- Name: authtoken_token authtoken_token_pkey; Type: CONSTRAINT; Schema: public; Owner: sportpronoadmin
--

ALTER TABLE ONLY public.authtoken_token
    ADD CONSTRAINT authtoken_token_pkey PRIMARY KEY (key);


--
-- Name: authtoken_token authtoken_token_user_id_key; Type: CONSTRAINT; Schema: public; Owner: sportpronoadmin
--

ALTER TABLE ONLY public.authtoken_token
    ADD CONSTRAINT authtoken_token_user_id_key UNIQUE (user_id);


--
-- Name: django_admin_log django_admin_log_pkey; Type: CONSTRAINT; Schema: public; Owner: sportpronoadmin
--

ALTER TABLE ONLY public.django_admin_log
    ADD CONSTRAINT django_admin_log_pkey PRIMARY KEY (id);


--
-- Name: django_content_type django_content_type_app_label_model_76bd3d3b_uniq; Type: CONSTRAINT; Schema: public; Owner: sportpronoadmin
--

ALTER TABLE ONLY public.django_content_type
    ADD CONSTRAINT django_content_type_app_label_model_76bd3d3b_uniq UNIQUE (app_label, model);


--
-- Name: django_content_type django_content_type_pkey; Type: CONSTRAINT; Schema: public; Owner: sportpronoadmin
--

ALTER TABLE ONLY public.django_content_type
    ADD CONSTRAINT django_content_type_pkey PRIMARY KEY (id);


--
-- Name: django_migrations django_migrations_pkey; Type: CONSTRAINT; Schema: public; Owner: sportpronoadmin
--

ALTER TABLE ONLY public.django_migrations
    ADD CONSTRAINT django_migrations_pkey PRIMARY KEY (id);


--
-- Name: django_session django_session_pkey; Type: CONSTRAINT; Schema: public; Owner: sportpronoadmin
--

ALTER TABLE ONLY public.django_session
    ADD CONSTRAINT django_session_pkey PRIMARY KEY (session_key);


--
-- Name: api_bet_event_id_1f9bdd33; Type: INDEX; Schema: public; Owner: sportpronoadmin
--

CREATE INDEX api_bet_event_id_1f9bdd33 ON public.api_bet USING btree (event_id);


--
-- Name: api_bet_user_id_a22523_idx; Type: INDEX; Schema: public; Owner: sportpronoadmin
--

CREATE INDEX api_bet_user_id_a22523_idx ON public.api_bet USING btree (user_id, event_id);


--
-- Name: api_bet_user_id_d82ef89b; Type: INDEX; Schema: public; Owner: sportpronoadmin
--

CREATE INDEX api_bet_user_id_d82ef89b ON public.api_bet USING btree (user_id);


--
-- Name: api_event_group_id_349f0a73; Type: INDEX; Schema: public; Owner: sportpronoadmin
--

CREATE INDEX api_event_group_id_349f0a73 ON public.api_event USING btree (group_id);


--
-- Name: api_member_group_id_93fb10ca; Type: INDEX; Schema: public; Owner: sportpronoadmin
--

CREATE INDEX api_member_group_id_93fb10ca ON public.api_member USING btree (group_id);


--
-- Name: api_member_user_id_759469_idx; Type: INDEX; Schema: public; Owner: sportpronoadmin
--

CREATE INDEX api_member_user_id_759469_idx ON public.api_member USING btree (user_id, group_id);


--
-- Name: api_member_user_id_90620086; Type: INDEX; Schema: public; Owner: sportpronoadmin
--

CREATE INDEX api_member_user_id_90620086 ON public.api_member USING btree (user_id);


--
-- Name: auth_group_name_a6ea08ec_like; Type: INDEX; Schema: public; Owner: sportpronoadmin
--

CREATE INDEX auth_group_name_a6ea08ec_like ON public.auth_group USING btree (name varchar_pattern_ops);


--
-- Name: auth_group_permissions_group_id_b120cbf9; Type: INDEX; Schema: public; Owner: sportpronoadmin
--

CREATE INDEX auth_group_permissions_group_id_b120cbf9 ON public.auth_group_permissions USING btree (group_id);


--
-- Name: auth_group_permissions_permission_id_84c5c92e; Type: INDEX; Schema: public; Owner: sportpronoadmin
--

CREATE INDEX auth_group_permissions_permission_id_84c5c92e ON public.auth_group_permissions USING btree (permission_id);


--
-- Name: auth_permission_content_type_id_2f476e4b; Type: INDEX; Schema: public; Owner: sportpronoadmin
--

CREATE INDEX auth_permission_content_type_id_2f476e4b ON public.auth_permission USING btree (content_type_id);


--
-- Name: auth_user_groups_group_id_97559544; Type: INDEX; Schema: public; Owner: sportpronoadmin
--

CREATE INDEX auth_user_groups_group_id_97559544 ON public.auth_user_groups USING btree (group_id);


--
-- Name: auth_user_groups_user_id_6a12ed8b; Type: INDEX; Schema: public; Owner: sportpronoadmin
--

CREATE INDEX auth_user_groups_user_id_6a12ed8b ON public.auth_user_groups USING btree (user_id);


--
-- Name: auth_user_user_permissions_permission_id_1fbb5f2c; Type: INDEX; Schema: public; Owner: sportpronoadmin
--

CREATE INDEX auth_user_user_permissions_permission_id_1fbb5f2c ON public.auth_user_user_permissions USING btree (permission_id);


--
-- Name: auth_user_user_permissions_user_id_a95ead1b; Type: INDEX; Schema: public; Owner: sportpronoadmin
--

CREATE INDEX auth_user_user_permissions_user_id_a95ead1b ON public.auth_user_user_permissions USING btree (user_id);


--
-- Name: auth_user_username_6821ab7c_like; Type: INDEX; Schema: public; Owner: sportpronoadmin
--

CREATE INDEX auth_user_username_6821ab7c_like ON public.auth_user USING btree (username varchar_pattern_ops);


--
-- Name: authtoken_token_key_10f0b77e_like; Type: INDEX; Schema: public; Owner: sportpronoadmin
--

CREATE INDEX authtoken_token_key_10f0b77e_like ON public.authtoken_token USING btree (key varchar_pattern_ops);


--
-- Name: django_admin_log_content_type_id_c4bce8eb; Type: INDEX; Schema: public; Owner: sportpronoadmin
--

CREATE INDEX django_admin_log_content_type_id_c4bce8eb ON public.django_admin_log USING btree (content_type_id);


--
-- Name: django_admin_log_user_id_c564eba6; Type: INDEX; Schema: public; Owner: sportpronoadmin
--

CREATE INDEX django_admin_log_user_id_c564eba6 ON public.django_admin_log USING btree (user_id);


--
-- Name: django_session_expire_date_a5c62663; Type: INDEX; Schema: public; Owner: sportpronoadmin
--

CREATE INDEX django_session_expire_date_a5c62663 ON public.django_session USING btree (expire_date);


--
-- Name: django_session_session_key_c0390e0f_like; Type: INDEX; Schema: public; Owner: sportpronoadmin
--

CREATE INDEX django_session_session_key_c0390e0f_like ON public.django_session USING btree (session_key varchar_pattern_ops);


--
-- Name: api_bet api_bet_event_id_1f9bdd33_fk_api_event_id; Type: FK CONSTRAINT; Schema: public; Owner: sportpronoadmin
--

ALTER TABLE ONLY public.api_bet
    ADD CONSTRAINT api_bet_event_id_1f9bdd33_fk_api_event_id FOREIGN KEY (event_id) REFERENCES public.api_event(id) DEFERRABLE INITIALLY DEFERRED;


--
-- Name: api_bet api_bet_user_id_d82ef89b_fk_auth_user_id; Type: FK CONSTRAINT; Schema: public; Owner: sportpronoadmin
--

ALTER TABLE ONLY public.api_bet
    ADD CONSTRAINT api_bet_user_id_d82ef89b_fk_auth_user_id FOREIGN KEY (user_id) REFERENCES public.auth_user(id) DEFERRABLE INITIALLY DEFERRED;


--
-- Name: api_event api_event_group_id_349f0a73_fk_api_group_id; Type: FK CONSTRAINT; Schema: public; Owner: sportpronoadmin
--

ALTER TABLE ONLY public.api_event
    ADD CONSTRAINT api_event_group_id_349f0a73_fk_api_group_id FOREIGN KEY (group_id) REFERENCES public.api_group(id) DEFERRABLE INITIALLY DEFERRED;


--
-- Name: api_member api_member_group_id_93fb10ca_fk_api_group_id; Type: FK CONSTRAINT; Schema: public; Owner: sportpronoadmin
--

ALTER TABLE ONLY public.api_member
    ADD CONSTRAINT api_member_group_id_93fb10ca_fk_api_group_id FOREIGN KEY (group_id) REFERENCES public.api_group(id) DEFERRABLE INITIALLY DEFERRED;


--
-- Name: api_member api_member_user_id_90620086_fk_auth_user_id; Type: FK CONSTRAINT; Schema: public; Owner: sportpronoadmin
--

ALTER TABLE ONLY public.api_member
    ADD CONSTRAINT api_member_user_id_90620086_fk_auth_user_id FOREIGN KEY (user_id) REFERENCES public.auth_user(id) DEFERRABLE INITIALLY DEFERRED;


--
-- Name: api_userprofile api_userprofile_user_id_5a1c1c92_fk_auth_user_id; Type: FK CONSTRAINT; Schema: public; Owner: sportpronoadmin
--

ALTER TABLE ONLY public.api_userprofile
    ADD CONSTRAINT api_userprofile_user_id_5a1c1c92_fk_auth_user_id FOREIGN KEY (user_id) REFERENCES public.auth_user(id) DEFERRABLE INITIALLY DEFERRED;


--
-- Name: auth_group_permissions auth_group_permissio_permission_id_84c5c92e_fk_auth_perm; Type: FK CONSTRAINT; Schema: public; Owner: sportpronoadmin
--

ALTER TABLE ONLY public.auth_group_permissions
    ADD CONSTRAINT auth_group_permissio_permission_id_84c5c92e_fk_auth_perm FOREIGN KEY (permission_id) REFERENCES public.auth_permission(id) DEFERRABLE INITIALLY DEFERRED;


--
-- Name: auth_group_permissions auth_group_permissions_group_id_b120cbf9_fk_auth_group_id; Type: FK CONSTRAINT; Schema: public; Owner: sportpronoadmin
--

ALTER TABLE ONLY public.auth_group_permissions
    ADD CONSTRAINT auth_group_permissions_group_id_b120cbf9_fk_auth_group_id FOREIGN KEY (group_id) REFERENCES public.auth_group(id) DEFERRABLE INITIALLY DEFERRED;


--
-- Name: auth_permission auth_permission_content_type_id_2f476e4b_fk_django_co; Type: FK CONSTRAINT; Schema: public; Owner: sportpronoadmin
--

ALTER TABLE ONLY public.auth_permission
    ADD CONSTRAINT auth_permission_content_type_id_2f476e4b_fk_django_co FOREIGN KEY (content_type_id) REFERENCES public.django_content_type(id) DEFERRABLE INITIALLY DEFERRED;


--
-- Name: auth_user_groups auth_user_groups_group_id_97559544_fk_auth_group_id; Type: FK CONSTRAINT; Schema: public; Owner: sportpronoadmin
--

ALTER TABLE ONLY public.auth_user_groups
    ADD CONSTRAINT auth_user_groups_group_id_97559544_fk_auth_group_id FOREIGN KEY (group_id) REFERENCES public.auth_group(id) DEFERRABLE INITIALLY DEFERRED;


--
-- Name: auth_user_groups auth_user_groups_user_id_6a12ed8b_fk_auth_user_id; Type: FK CONSTRAINT; Schema: public; Owner: sportpronoadmin
--

ALTER TABLE ONLY public.auth_user_groups
    ADD CONSTRAINT auth_user_groups_user_id_6a12ed8b_fk_auth_user_id FOREIGN KEY (user_id) REFERENCES public.auth_user(id) DEFERRABLE INITIALLY DEFERRED;


--
-- Name: auth_user_user_permissions auth_user_user_permi_permission_id_1fbb5f2c_fk_auth_perm; Type: FK CONSTRAINT; Schema: public; Owner: sportpronoadmin
--

ALTER TABLE ONLY public.auth_user_user_permissions
    ADD CONSTRAINT auth_user_user_permi_permission_id_1fbb5f2c_fk_auth_perm FOREIGN KEY (permission_id) REFERENCES public.auth_permission(id) DEFERRABLE INITIALLY DEFERRED;


--
-- Name: auth_user_user_permissions auth_user_user_permissions_user_id_a95ead1b_fk_auth_user_id; Type: FK CONSTRAINT; Schema: public; Owner: sportpronoadmin
--

ALTER TABLE ONLY public.auth_user_user_permissions
    ADD CONSTRAINT auth_user_user_permissions_user_id_a95ead1b_fk_auth_user_id FOREIGN KEY (user_id) REFERENCES public.auth_user(id) DEFERRABLE INITIALLY DEFERRED;


--
-- Name: authtoken_token authtoken_token_user_id_35299eff_fk_auth_user_id; Type: FK CONSTRAINT; Schema: public; Owner: sportpronoadmin
--

ALTER TABLE ONLY public.authtoken_token
    ADD CONSTRAINT authtoken_token_user_id_35299eff_fk_auth_user_id FOREIGN KEY (user_id) REFERENCES public.auth_user(id) DEFERRABLE INITIALLY DEFERRED;


--
-- Name: django_admin_log django_admin_log_content_type_id_c4bce8eb_fk_django_co; Type: FK CONSTRAINT; Schema: public; Owner: sportpronoadmin
--

ALTER TABLE ONLY public.django_admin_log
    ADD CONSTRAINT django_admin_log_content_type_id_c4bce8eb_fk_django_co FOREIGN KEY (content_type_id) REFERENCES public.django_content_type(id) DEFERRABLE INITIALLY DEFERRED;


--
-- Name: django_admin_log django_admin_log_user_id_c564eba6_fk_auth_user_id; Type: FK CONSTRAINT; Schema: public; Owner: sportpronoadmin
--

ALTER TABLE ONLY public.django_admin_log
    ADD CONSTRAINT django_admin_log_user_id_c564eba6_fk_auth_user_id FOREIGN KEY (user_id) REFERENCES public.auth_user(id) DEFERRABLE INITIALLY DEFERRED;


--
-- PostgreSQL database dump complete
--

